,CD4 T cell,CD8 T cell,B cell,Macrophage,Granulocyte,Blood vessel,Stroma,Other
"('cell', 210)",0,0,0,1,5,0,0,0
"('cell', 188)",0,0,0,1,5,0,0,0
"('cell', 167)",0,0,0,1,4,0,0,0
"('cell', 278)",0,0,0,1,3,0,0,0
"('cell', 831)",0,0,0,3,3,1,3,0
"('cell', 1659)",0,0,1,0,0,0,0,0
"('cell', 430)",1,0,1,4,0,2,4,1
"('cell', 731)",0,0,0,5,3,1,4,0
"('cell', 720)",0,1,7,3,1,6,3,0
"('cell', 774)",0,1,4,4,0,6,1,0
"('cell', 1084)",3,0,2,4,1,4,6,1
"('cell', 723)",1,0,0,2,1,0,4,0
"('cell', 1648)",0,0,2,1,0,0,2,1
"('cell', 1503)",0,0,3,1,2,0,0,1
"('cell', 1369)",0,0,2,2,0,3,1,0
"('cell', 458)",1,0,1,5,0,2,4,1
"('cell', 394)",1,0,0,4,0,1,4,1
"('cell', 119)",0,0,0,2,0,1,1,0
"('cell', 80)",1,0,0,3,0,2,2,0
"('cell', 703)",0,0,0,6,3,2,4,0
"('cell', 510)",0,0,1,4,1,2,5,0
"('cell', 497)",0,0,2,4,0,7,3,0
"('cell', 115)",0,0,0,0,3,0,0,0
"('cell', 589)",1,0,7,3,2,5,9,0
"('cell', 104)",0,0,0,0,1,0,0,0
"('cell', 954)",0,0,4,0,2,0,0,0
"('cell', 268)",0,0,2,0,7,0,0,0
"('cell', 89)",0,0,0,0,1,0,0,0
"('cell', 775)",0,0,0,8,3,2,4,0
"('cell', 818)",0,0,0,4,3,1,2,0
"('cell', 864)",0,0,0,3,3,1,1,0
"('cell', 566)",1,0,8,3,3,2,8,0
"('cell', 585)",1,0,9,3,3,0,6,0
"('cell', 761)",0,0,1,7,3,3,5,0
"('cell', 674)",2,0,10,1,2,6,7,0
"('cell', 1549)",0,0,1,0,0,0,0,2
"('cell', 1555)",0,0,0,0,0,0,0,2
"('cell', 1565)",0,0,0,0,0,0,0,1
"('cell', 748)",0,1,5,6,0,7,2,0
"('cell', 804)",0,0,14,1,3,3,1,1
"('cell', 872)",0,0,5,1,1,4,0,0
"('cell', 1295)",2,0,1,2,1,3,3,0
"('cell', 1246)",0,0,7,2,0,1,1,0
"('cell', 1237)",0,0,5,1,0,1,1,0
"('cell', 1065)",3,0,3,5,2,8,6,2
"('cell', 975)",0,0,5,0,3,0,0,0
"('cell', 994)",0,0,1,0,1,0,0,0
"('cell', 949)",0,2,8,0,3,0,0,1
"('cell', 1206)",0,2,2,0,2,0,0,1
"('cell', 1198)",0,2,5,0,2,0,1,1
"('cell', 1199)",0,2,4,0,2,0,1,1
"('cell', 1475)",0,0,1,0,0,1,0,1
"('cell', 1469)",0,0,1,1,0,2,2,1
"('cell', 1485)",0,0,1,1,0,1,1,1
"('cell', 1514)",0,0,1,1,0,1,2,2
"('cell', 1448)",0,0,1,1,0,3,1,0
"('cell', 1380)",0,0,1,1,0,3,1,0
"('cell', 1395)",0,0,1,2,0,3,1,0
"('cell', 1358)",0,0,9,2,2,1,0,0
"('cell', 1651)",0,0,6,0,0,0,0,0
"('cell', 1183)",0,2,3,0,2,0,0,1
"('cell', 381)",1,0,0,4,0,1,4,1
"('cell', 353)",1,0,0,5,0,1,4,1
"('cell', 155)",0,0,0,4,0,2,2,0
"('cell', 148)",0,0,0,3,0,2,2,0
"('cell', 127)",1,0,0,5,0,2,3,0
"('cell', 134)",1,0,0,6,0,4,5,0
"('cell', 178)",1,0,0,5,0,4,2,0
"('cell', 189)",1,0,0,6,0,4,2,0
"('cell', 82)",0,0,0,2,0,0,1,0
"('cell', 45)",0,0,0,2,0,0,0,0
"('cell', 468)",1,0,3,3,0,2,4,1
"('cell', 490)",0,0,3,1,0,4,2,0
"('cell', 546)",0,0,4,5,1,8,4,0
"('cell', 496)",1,0,6,4,1,5,3,1
"('cell', 446)",2,0,3,2,1,3,4,1
"('cell', 518)",0,0,4,3,1,5,3,1
"('cell', 525)",0,0,1,5,1,2,4,0
"('cell', 539)",0,0,0,5,1,1,4,0
"('cell', 555)",0,0,1,7,2,7,5,0
"('cell', 498)",0,0,1,5,0,7,5,0
"('cell', 503)",0,0,1,6,1,2,5,0
"('cell', 75)",0,0,0,0,1,0,0,0
"('cell', 320)",0,0,4,0,3,0,0,0
"('cell', 175)",0,0,0,0,2,0,0,0
"('cell', 181)",0,0,0,0,3,0,0,0
"('cell', 150)",0,0,0,0,2,0,0,0
"('cell', 203)",0,0,1,0,2,0,0,0
"('cell', 293)",0,0,1,0,3,0,0,0
"('cell', 184)",0,0,1,0,1,0,0,0
"('cell', 249)",0,0,1,0,3,0,0,0
"('cell', 267)",0,0,1,0,3,0,0,0
"('cell', 231)",0,0,1,0,3,0,0,0
"('cell', 217)",0,0,1,0,3,0,0,0
"('cell', 145)",0,0,0,0,3,0,0,0
"('cell', 137)",0,0,0,0,3,0,0,0
"('cell', 19)",0,0,0,0,1,0,0,0
"('cell', 7)",0,0,0,0,1,0,0,0
"('cell', 1224)",4,0,1,2,1,2,4,0
"('cell', 745)",3,0,3,6,1,2,5,0
"('cell', 699)",2,0,3,1,1,2,7,0
"('cell', 950)",0,0,5,0,1,0,0,0
"('cell', 917)",0,0,7,0,3,0,0,0
"('cell', 914)",0,0,4,0,1,0,0,0
"('cell', 923)",0,0,4,0,2,0,0,0
"('cell', 53)",0,0,0,0,1,0,0,0
"('cell', 72)",0,0,0,0,3,0,0,0
"('cell', 68)",0,0,0,0,2,0,0,0
"('cell', 52)",0,0,0,0,1,0,0,0
"('cell', 839)",0,0,0,4,2,0,1,0
"('cell', 795)",0,0,0,6,2,3,3,0
"('cell', 850)",0,0,0,5,3,0,1,0
"('cell', 808)",0,1,0,5,2,2,1,0
"('cell', 792)",0,1,0,5,2,3,3,0
"('cell', 779)",0,1,2,6,1,4,5,0
"('cell', 813)",0,1,2,5,2,3,2,0
"('cell', 874)",0,0,1,1,3,0,1,0
"('cell', 834)",0,1,5,3,0,2,2,0
"('cell', 788)",0,1,2,6,1,5,2,0
"('cell', 742)",0,1,5,5,0,7,4,0
"('cell', 753)",0,1,3,6,1,6,4,0
"('cell', 769)",0,1,1,8,2,4,5,0
"('cell', 1583)",0,0,0,0,0,0,0,1
"('cell', 1562)",0,0,0,0,0,0,0,2
"('cell', 1533)",0,0,0,0,1,0,0,2
"('cell', 1056)",0,0,3,0,2,0,0,0
"('cell', 1186)",1,1,6,3,0,4,3,0
"('cell', 1093)",1,1,6,3,0,7,2,0
"('cell', 1297)",1,0,3,1,0,2,3,0
"('cell', 752)",0,1,6,3,1,6,3,0
"('cell', 787)",0,1,5,3,0,6,1,0
"('cell', 801)",0,1,5,1,0,1,1,0
"('cell', 830)",0,0,12,0,2,0,1,0
"('cell', 826)",0,0,13,0,2,0,1,0
"('cell', 849)",0,0,12,0,2,0,1,0
"('cell', 812)",1,0,10,0,2,4,1,1
"('cell', 740)",6,0,12,2,2,5,0,1
"('cell', 778)",1,0,11,1,2,4,0,1
"('cell', 756)",3,0,10,3,3,4,1,1
"('cell', 789)",1,0,13,0,2,5,1,1
"('cell', 817)",0,0,8,2,0,6,1,0
"('cell', 770)",0,0,8,5,0,6,1,1
"('cell', 855)",0,0,9,2,2,1,1,0
"('cell', 803)",0,0,8,3,2,4,1,0
"('cell', 1356)",0,0,2,2,0,3,1,0
"('cell', 1034)",2,0,2,2,2,6,4,2
"('cell', 1157)",0,1,8,0,0,0,0,0
"('cell', 1180)",0,1,7,0,0,0,0,0
"('cell', 1130)",0,0,7,0,0,0,0,0
"('cell', 1104)",0,2,10,0,1,0,0,0
"('cell', 910)",0,1,4,2,2,8,0,0
"('cell', 1240)",0,1,7,1,1,0,0,0
"('cell', 1209)",0,2,6,0,1,0,0,0
"('cell', 1200)",3,0,1,2,1,2,3,1
"('cell', 937)",0,1,3,2,2,5,0,1
"('cell', 1014)",0,0,1,0,3,0,0,1
"('cell', 891)",0,1,8,2,3,7,0,0
"('cell', 1471)",0,0,4,0,2,0,0,0
"('cell', 1410)",0,0,1,0,0,0,0,0
"('cell', 1142)",0,2,6,0,2,0,0,1
"('cell', 1080)",0,2,7,0,2,0,0,1
"('cell', 1523)",0,0,3,1,2,1,2,1
"('cell', 1466)",0,0,5,1,2,0,0,1
"('cell', 1470)",0,0,5,2,2,0,0,1
"('cell', 1528)",0,0,2,1,2,1,2,2
"('cell', 1477)",0,0,4,2,2,1,2,1
"('cell', 1424)",0,0,5,3,2,0,0,1
"('cell', 1537)",0,0,0,1,0,1,2,2
"('cell', 1493)",0,0,0,0,0,1,2,1
"('cell', 1515)",0,0,0,1,0,1,2,1
"('cell', 1639)",0,0,5,0,0,0,0,0
"('cell', 1665)",0,0,3,0,0,0,0,0
"('cell', 1557)",0,0,1,0,0,0,1,0
"('cell', 1546)",0,0,4,0,0,0,1,0
"('cell', 1516)",0,0,3,1,2,0,1,1
"('cell', 1538)",0,0,1,0,0,0,1,0
"('cell', 1509)",0,0,3,0,2,0,1,0
"('cell', 1543)",0,0,2,0,1,0,1,0
"('cell', 1498)",0,0,0,0,0,0,1,0
"('cell', 1464)",0,0,0,0,0,0,1,0
"('cell', 1522)",0,0,0,0,0,0,1,0
"('cell', 1281)",0,0,8,1,1,0,1,0
"('cell', 1261)",0,0,6,0,0,0,1,0
"('cell', 1225)",0,2,5,0,0,0,1,0
"('cell', 1285)",0,0,8,0,0,0,1,0
"('cell', 1298)",0,0,5,0,1,0,1,0
"('cell', 1370)",0,0,3,2,1,1,0,0
"('cell', 1381)",0,0,3,2,0,1,1,0
"('cell', 1436)",0,0,1,2,0,1,0,0
"('cell', 1403)",0,0,2,2,1,1,0,0
"('cell', 1392)",0,0,5,2,2,1,0,0
"('cell', 1302)",0,0,7,2,0,1,2,0
"('cell', 1272)",0,0,8,2,0,1,1,0
"('cell', 1313)",0,0,7,2,0,1,1,0
"('cell', 1314)",0,0,8,2,1,1,1,0
"('cell', 1626)",0,0,6,0,0,0,0,0
"('cell', 1494)",0,0,2,0,0,0,1,0
"('cell', 1473)",0,0,1,0,0,0,1,0
"('cell', 1499)",0,0,0,0,0,0,1,0
"('cell', 1526)",0,0,2,0,0,0,1,0
"('cell', 1467)",0,0,2,0,0,0,1,0
"('cell', 1250)",0,0,3,0,0,0,1,1
"('cell', 1229)",0,2,3,0,1,0,1,1
"('cell', 1254)",0,2,4,0,0,0,1,1
"('cell', 1217)",0,1,2,0,1,0,1,1
"('cell', 1383)",0,0,2,0,0,0,2,0
"('cell', 1406)",0,0,2,0,1,0,1,0
"('cell', 1391)",0,0,1,0,0,0,1,0
"('cell', 961)",0,0,5,0,2,0,0,0
"('cell', 1025)",0,0,1,0,1,0,0,1
"('cell', 996)",0,0,6,0,2,0,0,0
"('cell', 995)",0,0,2,0,1,0,0,0
"('cell', 1021)",0,0,0,0,2,0,0,1
"('cell', 1102)",1,0,4,1,1,1,2,0
"('cell', 1138)",1,1,4,3,0,4,2,0
"('cell', 1128)",1,0,5,1,1,1,2,0
"('cell', 1146)",0,0,2,0,0,0,0,0
"('cell', 1153)",0,0,2,0,0,0,0,1
"('cell', 1167)",0,0,3,0,0,0,1,1
"('cell', 1143)",1,0,3,0,0,0,1,0
"('cell', 1282)",0,0,4,0,0,0,2,0
"('cell', 1223)",0,1,4,0,1,0,2,1
"('cell', 1202)",0,1,3,0,1,0,0,1
"('cell', 952)",0,0,9,0,1,0,0,0
"('cell', 951)",0,0,6,0,2,0,0,0
"('cell', 900)",0,0,9,0,2,0,0,0
"('cell', 970)",0,0,7,0,2,0,0,0
"('cell', 1016)",1,1,5,2,1,0,0,0
"('cell', 1004)",1,1,6,2,1,0,0,0
"('cell', 476)",0,0,1,2,1,1,3,0
"('cell', 470)",0,0,0,2,1,0,5,0
"('cell', 408)",0,0,1,4,0,1,3,0
"('cell', 431)",1,0,1,4,0,1,3,1
"('cell', 455)",0,0,1,3,0,2,7,0
"('cell', 391)",0,0,0,4,0,1,3,0
"('cell', 438)",0,0,1,2,0,0,2,0
"('cell', 419)",0,0,0,4,1,0,6,0
"('cell', 65)",0,0,0,1,0,0,0,0
"('cell', 191)",1,0,0,7,0,4,2,0
"('cell', 172)",1,0,0,5,0,3,2,0
"('cell', 156)",0,0,0,3,0,1,1,0
"('cell', 199)",0,0,0,5,0,3,3,0
"('cell', 153)",0,0,0,4,0,1,1,0
"('cell', 116)",0,0,0,2,0,1,1,0
"('cell', 87)",0,0,0,1,0,0,0,0
"('cell', 169)",0,0,0,4,0,1,1,0
"('cell', 365)",1,0,0,7,0,4,6,1
"('cell', 421)",1,0,1,6,0,4,6,1
"('cell', 416)",2,0,3,5,0,5,5,1
"('cell', 559)",0,0,7,3,2,4,4,0
"('cell', 592)",0,0,8,3,3,4,5,0
"('cell', 582)",0,0,8,3,2,8,5,0
"('cell', 515)",0,0,5,4,1,8,4,0
"('cell', 348)",0,0,8,0,3,0,0,0
"('cell', 305)",0,0,4,0,3,0,0,0
"('cell', 392)",0,0,7,0,3,0,0,0
"('cell', 821)",0,0,9,3,0,3,0,0
"('cell', 741)",2,0,7,0,1,6,6,0
"('cell', 23)",0,0,0,0,0,0,0,2
"('cell', 9)",0,0,0,0,0,0,0,1
"('cell', 144)",0,1,1,0,8,0,0,0
"('cell', 40)",0,0,0,0,0,0,0,2
"('cell', 62)",0,0,0,0,1,0,0,1
"('cell', 36)",0,0,0,0,1,0,0,1
"('cell', 31)",0,0,0,0,0,0,0,1
"('cell', 38)",0,0,0,0,0,0,0,1
"('cell', 84)",0,0,0,0,1,0,0,0
"('cell', 271)",0,0,2,0,1,0,0,0
"('cell', 244)",0,0,2,0,3,0,0,0
"('cell', 297)",0,0,2,0,0,0,0,0
"('cell', 279)",0,0,2,0,4,0,0,0
"('cell', 180)",0,0,1,0,0,0,0,0
"('cell', 193)",0,0,1,0,3,0,0,0
"('cell', 234)",0,0,1,0,0,0,0,0
"('cell', 245)",0,0,2,0,1,0,0,0
"('cell', 212)",0,0,1,0,0,0,0,0
"('cell', 222)",1,0,0,7,0,4,2,0
"('cell', 207)",1,0,0,10,0,6,6,1
"('cell', 209)",1,0,0,7,0,5,4,0
"('cell', 201)",0,0,2,0,0,0,0,0
"('cell', 192)",0,0,2,0,0,0,0,0
"('cell', 314)",0,0,2,0,0,0,0,0
"('cell', 325)",0,0,3,0,2,0,0,0
"('cell', 377)",0,0,5,1,1,0,3,0
"('cell', 284)",1,0,0,3,0,2,5,0
"('cell', 262)",1,0,1,3,0,2,5,0
"('cell', 301)",2,0,0,5,0,2,5,0
"('cell', 138)",0,0,1,0,0,0,0,0
"('cell', 158)",0,0,1,0,0,0,0,0
"('cell', 18)",0,0,0,0,1,0,0,0
"('cell', 33)",0,0,0,0,2,0,0,0
"('cell', 98)",0,0,0,0,2,0,0,0
"('cell', 73)",0,0,0,0,2,0,0,0
"('cell', 112)",0,0,0,0,3,0,0,0
"('cell', 121)",0,0,0,0,3,0,0,0
"('cell', 487)",0,0,10,0,0,0,0,0
"('cell', 527)",0,0,12,0,0,0,0,0
"('cell', 519)",0,0,8,0,0,0,0,0
"('cell', 691)",1,0,3,4,1,0,4,0
"('cell', 692)",0,0,3,1,0,0,5,0
"('cell', 650)",0,0,7,0,0,0,3,0
"('cell', 693)",0,0,5,0,0,1,5,0
"('cell', 672)",0,0,10,1,0,2,6,0
"('cell', 626)",0,0,11,0,0,0,3,0
"('cell', 125)",0,0,0,0,5,0,0,0
"('cell', 183)",0,0,0,1,5,0,0,0
"('cell', 229)",0,0,2,0,10,0,0,0
"('cell', 211)",0,0,1,0,5,0,0,0
"('cell', 179)",0,0,2,0,9,0,0,0
"('cell', 208)",0,0,0,0,2,0,0,0
"('cell', 170)",0,0,0,0,1,0,0,0
"('cell', 63)",0,0,1,0,2,0,0,2
"('cell', 938)",0,0,0,3,2,0,1,0
"('cell', 856)",0,0,0,8,3,1,4,0
"('cell', 967)",0,1,3,2,2,0,0,0
"('cell', 986)",0,1,3,2,1,1,0,0
"('cell', 857)",0,1,5,2,0,0,2,0
"('cell', 933)",0,1,4,2,2,0,0,0
"('cell', 888)",0,2,4,2,1,0,1,0
"('cell', 1052)",1,0,5,0,2,0,0,0
"('cell', 1068)",1,0,5,0,2,0,0,0
"('cell', 1022)",0,0,6,0,2,0,0,0
"('cell', 1027)",1,0,4,0,2,0,0,0
"('cell', 433)",1,0,5,4,1,2,6,0
"('cell', 411)",0,0,8,0,2,0,0,0
"('cell', 517)",0,0,8,4,0,4,3,0
"('cell', 477)",0,0,7,1,0,0,2,0
"('cell', 461)",0,0,4,1,0,0,3,0
"('cell', 475)",0,0,4,3,0,2,3,0
"('cell', 861)",0,0,6,2,1,7,0,0
"('cell', 1453)",0,0,1,0,1,0,0,1
"('cell', 1527)",0,0,0,0,0,0,0,1
"('cell', 1492)",0,0,0,0,1,0,0,1
"('cell', 1544)",0,0,0,0,0,0,0,1
"('cell', 1530)",0,0,1,0,0,0,0,1
"('cell', 1460)",0,0,0,0,1,0,0,1
"('cell', 1378)",0,0,2,2,2,0,0,2
"('cell', 1036)",0,1,3,1,1,0,0,0
"('cell', 1035)",0,1,3,2,1,1,0,0
"('cell', 1073)",0,1,4,3,1,1,0,1
"('cell', 1133)",0,1,2,1,1,0,0,0
"('cell', 1230)",0,0,0,3,1,1,1,0
"('cell', 1189)",0,0,3,3,1,0,0,1
"('cell', 1154)",0,1,4,2,1,0,0,1
"('cell', 1214)",0,0,2,3,1,0,0,0
"('cell', 997)",0,0,3,1,2,0,0,0
"('cell', 1642)",0,0,1,0,0,0,0,0
"('cell', 1663)",0,0,1,0,0,0,0,0
"('cell', 1649)",0,0,1,0,0,0,0,0
"('cell', 1655)",0,0,1,0,0,0,0,0
"('cell', 1296)",1,0,5,0,0,0,2,0
"('cell', 1278)",1,0,4,2,0,2,3,0
"('cell', 1270)",1,0,5,0,0,0,3,0
"('cell', 1317)",0,0,3,0,0,0,2,0
"('cell', 1328)",0,0,4,0,0,0,2,0
"('cell', 1337)",0,0,4,0,0,0,1,0
"('cell', 1311)",1,0,3,0,0,0,2,0
"('cell', 1306)",0,0,3,2,0,1,3,0
"('cell', 1259)",0,0,2,4,0,4,4,0
"('cell', 1242)",0,0,4,5,0,5,5,0
"('cell', 1400)",0,0,4,0,1,0,1,0
"('cell', 1437)",0,0,3,0,0,0,0,0
"('cell', 1413)",0,0,2,0,0,0,1,0
"('cell', 1384)",0,0,4,0,0,0,1,0
"('cell', 1345)",0,0,4,0,0,0,2,0
"('cell', 1497)",0,0,3,0,2,0,1,0
"('cell', 1512)",0,0,3,0,2,0,0,0
"('cell', 1532)",0,0,3,0,2,0,0,0
"('cell', 1547)",0,0,4,0,1,0,1,0
"('cell', 1500)",0,0,2,0,1,0,1,0
"('cell', 1525)",0,0,2,0,1,0,1,0
"('cell', 1446)",0,0,3,0,1,0,0,0
"('cell', 1479)",0,0,3,0,1,0,0,0
"('cell', 873)",0,2,6,2,0,0,1,0
"('cell', 783)",0,0,6,4,2,4,1,1
"('cell', 755)",1,0,7,6,0,5,2,2
"('cell', 1255)",0,0,3,1,0,3,1,0
"('cell', 1241)",0,0,2,1,1,2,2,0
"('cell', 1292)",0,0,4,2,0,3,1,0
"('cell', 1287)",0,0,2,2,0,3,1,0
"('cell', 1284)",0,0,2,1,1,3,2,0
"('cell', 1024)",0,0,2,2,1,4,2,3
"('cell', 1013)",2,0,2,2,2,6,4,3
"('cell', 985)",2,0,2,3,3,8,8,3
"('cell', 1174)",0,0,7,0,0,0,1,0
"('cell', 1212)",0,0,7,2,0,1,1,0
"('cell', 1134)",0,0,7,0,0,0,2,1
"('cell', 1118)",2,0,3,1,1,2,4,1
"('cell', 1179)",0,0,6,0,0,0,1,0
"('cell', 1173)",0,0,7,0,0,0,1,0
"('cell', 1008)",0,1,4,3,2,1,1,2
"('cell', 1109)",0,1,8,1,2,0,0,0
"('cell', 1054)",0,0,4,2,1,0,1,1
"('cell', 991)",0,0,3,3,1,5,2,3
"('cell', 977)",0,0,4,3,1,1,1,2
"('cell', 973)",0,0,3,3,2,9,2,3
"('cell', 992)",0,2,4,0,3,0,0,0
"('cell', 1002)",0,2,8,1,3,0,0,0
"('cell', 978)",0,1,4,2,2,1,0,1
"('cell', 1006)",0,2,5,0,2,1,0,1
"('cell', 1219)",1,0,3,1,1,2,2,1
"('cell', 1208)",1,0,1,1,1,2,2,1
"('cell', 1245)",1,0,2,1,1,3,3,0
"('cell', 1235)",0,0,2,0,1,3,1,0
"('cell', 1260)",0,0,2,0,1,3,2,0
"('cell', 1211)",1,0,2,1,1,2,1,1
"('cell', 1172)",3,0,2,3,1,4,5,1
"('cell', 1155)",3,0,3,3,1,2,6,1
"('cell', 1188)",3,0,3,3,1,2,6,1
"('cell', 1201)",1,0,3,1,1,0,1,1
"('cell', 1114)",3,0,2,3,1,2,6,1
"('cell', 1097)",6,0,2,7,2,6,7,1
"('cell', 1177)",1,0,5,1,1,0,1,1
"('cell', 1178)",0,0,5,0,1,0,2,1
"('cell', 732)",1,0,0,2,1,0,4,0
"('cell', 679)",0,0,0,1,1,0,3,0
"('cell', 1236)",5,0,1,2,1,3,4,0
"('cell', 735)",1,0,1,5,1,0,7,0
"('cell', 736)",3,0,2,8,2,2,7,0
"('cell', 777)",3,0,2,8,1,7,9,0
"('cell', 762)",3,0,3,5,1,7,10,0
"('cell', 1020)",0,2,4,0,3,0,0,1
"('cell', 1047)",0,2,5,0,3,0,0,1
"('cell', 875)",1,1,5,4,2,12,2,0
"('cell', 865)",1,0,4,3,2,11,1,1
"('cell', 899)",1,0,3,3,2,8,0,1
"('cell', 924)",1,0,3,3,2,9,0,2
"('cell', 1141)",0,2,4,0,2,0,0,1
"('cell', 1144)",0,2,2,0,2,0,0,1
"('cell', 1449)",0,0,3,1,2,0,0,1
"('cell', 1521)",0,0,0,1,0,1,2,2
"('cell', 1520)",0,0,0,1,0,1,2,2
"('cell', 1645)",0,0,3,0,0,0,0,0
"('cell', 1646)",0,0,2,0,0,0,0,0
"('cell', 1600)",0,0,5,0,0,0,0,0
"('cell', 1634)",0,0,5,0,0,0,0,0
"('cell', 1620)",0,0,6,0,0,0,1,0
"('cell', 1662)",0,0,9,0,0,0,0,0
"('cell', 1654)",0,0,7,0,0,0,0,0
"('cell', 1581)",0,0,6,0,0,0,1,0
"('cell', 1568)",0,0,3,0,0,0,1,0
"('cell', 1584)",0,0,4,0,0,0,1,0
"('cell', 1563)",0,0,4,0,0,0,1,0
"('cell', 1590)",0,0,6,0,0,0,1,0
"('cell', 1573)",0,0,2,0,0,0,1,0
"('cell', 1556)",0,0,2,0,1,0,1,0
"('cell', 1553)",0,0,1,0,0,0,1,0
"('cell', 1575)",0,0,4,0,0,0,1,0
"('cell', 1579)",0,0,4,0,0,0,1,0
"('cell', 1566)",0,0,2,0,1,0,1,0
"('cell', 1459)",0,0,0,0,1,0,0,0
"('cell', 1490)",0,0,0,0,1,0,1,0
"('cell', 1440)",0,0,0,0,1,0,0,0
"('cell', 1457)",0,0,2,0,2,0,0,0
"('cell', 1605)",0,0,7,0,0,0,1,0
"('cell', 1195)",0,0,8,0,0,0,1,0
"('cell', 1228)",0,0,8,2,0,1,1,0
"('cell', 1349)",0,0,5,0,2,0,1,0
"('cell', 1375)",0,0,3,0,2,0,1,0
"('cell', 1419)",0,0,3,0,2,0,1,0
"('cell', 1431)",0,0,3,0,2,0,1,0
"('cell', 1365)",0,0,4,0,2,0,1,0
"('cell', 1333)",0,0,8,0,2,0,1,0
"('cell', 1332)",0,0,8,1,2,0,1,0
"('cell', 1371)",0,0,9,2,2,0,0,0
"('cell', 1399)",0,0,6,1,2,0,0,0
"('cell', 1086)",1,0,4,0,1,0,0,0
"('cell', 1131)",0,0,3,0,0,0,0,1
"('cell', 1123)",0,1,3,0,1,0,0,1
"('cell', 1061)",0,0,2,0,1,0,0,1
"('cell', 1041)",0,0,4,0,1,0,0,1
"('cell', 1059)",0,1,2,0,2,0,0,1
"('cell', 1085)",0,1,2,0,1,0,0,1
"('cell', 1075)",0,0,3,0,1,0,0,1
"('cell', 1205)",1,0,3,0,0,0,2,0
"('cell', 1207)",0,0,2,0,0,0,2,0
"('cell', 1191)",1,0,4,2,0,2,2,0
"('cell', 1168)",1,0,5,1,0,1,2,0
"('cell', 1251)",1,0,3,0,0,0,3,0
"('cell', 1293)",0,0,2,0,0,0,2,0
"('cell', 1343)",0,0,2,0,0,0,2,0
"('cell', 1299)",0,0,2,0,0,0,2,0
"('cell', 1303)",0,0,4,0,0,0,2,0
"('cell', 1318)",0,0,3,0,0,0,2,0
"('cell', 1258)",0,0,4,0,0,0,2,0
"('cell', 1231)",0,0,4,0,0,0,1,1
"('cell', 1273)",0,0,3,0,0,0,2,1
"('cell', 1316)",0,0,2,0,0,0,2,0
"('cell', 1304)",0,0,3,0,0,0,2,0
"('cell', 1269)",0,0,4,0,0,0,2,0
"('cell', 1203)",0,0,4,0,0,0,2,1
"('cell', 981)",1,1,9,2,1,0,1,0
"('cell', 1010)",1,1,8,2,1,5,1,0
"('cell', 890)",0,0,11,0,1,0,1,0
"('cell', 911)",0,0,11,0,1,0,0,0
"('cell', 895)",0,0,12,0,1,0,1,0
"('cell', 889)",0,0,7,1,2,1,1,0
"('cell', 884)",0,0,9,1,2,1,1,0
"('cell', 273)",2,0,0,6,0,3,5,0
"('cell', 255)",1,0,0,6,0,4,4,0
"('cell', 435)",2,0,3,4,1,6,6,1
"('cell', 415)",3,0,3,5,0,6,6,1
"('cell', 402)",3,0,3,8,0,7,8,1
"('cell', 443)",2,0,3,5,1,6,6,1
"('cell', 442)",2,0,5,6,1,6,8,1
"('cell', 511)",2,0,9,7,3,1,7,0
"('cell', 473)",2,0,8,4,1,2,9,0
"('cell', 512)",1,0,8,4,1,0,5,0
"('cell', 541)",1,0,9,6,3,1,6,0
"('cell', 480)",3,0,10,6,1,1,10,0
"('cell', 403)",0,0,5,0,0,0,1,0
"('cell', 417)",0,0,7,0,2,0,0,0
"('cell', 450)",0,0,4,1,0,0,2,0
"('cell', 754)",1,0,8,3,2,4,5,0
"('cell', 763)",0,0,8,3,2,3,3,0
"('cell', 88)",0,1,1,0,10,0,0,3
"('cell', 25)",0,1,1,0,4,0,0,3
"('cell', 114)",0,0,1,0,2,0,0,0
"('cell', 83)",0,0,0,0,1,0,0,0
"('cell', 61)",0,0,0,0,0,0,0,1
"('cell', 81)",0,0,0,0,1,0,0,0
"('cell', 171)",0,0,0,0,2,0,0,0
"('cell', 190)",0,0,1,0,2,0,0,0
"('cell', 205)",0,0,1,0,2,0,0,0
"('cell', 204)",0,0,2,0,2,0,0,0
"('cell', 182)",0,0,0,0,2,0,0,0
"('cell', 219)",0,0,2,0,0,0,0,0
"('cell', 224)",0,0,2,0,0,0,0,0
"('cell', 220)",0,0,1,1,0,0,0,0
"('cell', 166)",0,0,1,0,0,0,0,0
"('cell', 322)",2,0,0,4,0,1,6,0
"('cell', 243)",0,0,1,3,0,1,0,0
"('cell', 295)",2,0,1,2,0,1,4,0
"('cell', 344)",2,0,1,6,0,1,7,0
"('cell', 434)",0,0,4,2,0,1,4,0
"('cell', 448)",0,0,2,4,0,1,5,0
"('cell', 385)",2,0,3,3,0,1,6,0
"('cell', 64)",0,0,0,0,2,0,0,0
"('cell', 55)",0,0,0,0,2,0,0,0
"('cell', 42)",0,0,0,0,2,0,0,0
"('cell', 13)",0,0,0,0,2,0,0,0
"('cell', 76)",0,0,0,0,2,0,0,0
"('cell', 6)",0,0,0,0,2,0,0,0
"('cell', 43)",0,0,0,0,2,0,0,0
"('cell', 128)",0,0,0,0,6,0,0,0
"('cell', 101)",0,1,0,0,12,0,0,1
"('cell', 90)",0,1,0,0,8,0,0,1
"('cell', 715)",2,0,6,4,1,12,6,0
"('cell', 727)",2,0,6,3,1,9,5,1
"('cell', 708)",1,0,11,2,0,4,7,2
"('cell', 712)",2,0,10,3,1,6,7,2
"('cell', 722)",1,0,8,3,0,6,7,2
"('cell', 661)",0,0,12,1,0,2,6,0
"('cell', 619)",0,0,13,0,0,0,3,0
"('cell', 596)",0,0,3,0,0,0,0,0
"('cell', 635)",0,0,2,0,1,0,2,0
"('cell', 664)",1,0,0,1,1,0,3,0
"('cell', 696)",1,0,2,4,1,0,5,0
"('cell', 607)",0,0,2,0,1,0,0,0
"('cell', 654)",0,0,3,0,1,0,2,0
"('cell', 595)",0,0,0,0,1,0,1,0
"('cell', 625)",0,0,0,0,1,0,0,0
"('cell', 298)",0,0,2,0,7,0,0,1
"('cell', 333)",0,0,5,0,5,0,1,1
"('cell', 228)",0,0,0,1,5,0,0,0
"('cell', 154)",0,0,0,0,1,0,0,0
"('cell', 187)",0,0,1,0,5,0,0,0
"('cell', 152)",0,0,1,0,3,0,0,0
"('cell', 165)",0,0,0,0,2,0,0,0
"('cell', 131)",0,0,1,0,2,0,0,0
"('cell', 141)",0,0,0,0,1,0,0,0
"('cell', 239)",0,0,0,0,1,0,0,0
"('cell', 266)",0,0,0,0,2,0,0,0
"('cell', 195)",0,0,0,0,1,0,0,0
"('cell', 213)",0,0,0,0,1,0,0,0
"('cell', 126)",0,0,0,0,1,0,0,0
"('cell', 149)",0,0,0,0,1,0,0,0
"('cell', 173)",0,0,0,0,1,0,0,0
"('cell', 132)",0,0,0,0,1,0,0,0
"('cell', 122)",0,0,0,0,1,0,0,0
"('cell', 97)",0,0,0,0,1,0,0,0
"('cell', 92)",0,0,0,0,1,0,0,0
"('cell', 105)",0,0,0,0,1,0,0,0
"('cell', 968)",0,0,0,2,2,0,0,0
"('cell', 928)",0,1,3,1,2,0,1,0
"('cell', 946)",0,0,2,1,2,0,1,0
"('cell', 916)",0,0,2,1,3,0,1,0
"('cell', 880)",0,1,1,1,2,0,1,0
"('cell', 877)",0,1,3,2,2,2,2,0
"('cell', 972)",1,1,8,2,1,0,1,0
"('cell', 903)",1,0,6,0,0,1,1,0
"('cell', 522)",6,0,2,4,0,2,6,0
"('cell', 500)",3,0,2,4,0,2,6,0
"('cell', 501)",5,0,3,4,1,0,5,0
"('cell', 445)",0,0,7,0,1,0,0,0
"('cell', 427)",0,0,6,3,1,0,4,0
"('cell', 506)",1,0,5,4,0,0,3,2
"('cell', 472)",0,0,6,1,1,0,1,1
"('cell', 507)",0,0,6,1,0,0,1,2
"('cell', 492)",0,0,6,2,1,0,3,1
"('cell', 552)",5,0,3,5,0,2,4,2
"('cell', 533)",0,0,7,5,0,1,1,2
"('cell', 553)",1,0,6,7,0,1,2,2
"('cell', 564)",4,0,4,7,0,3,4,2
"('cell', 447)",0,0,8,0,2,0,0,1
"('cell', 405)",0,0,5,0,2,0,0,0
"('cell', 354)",0,0,6,0,2,0,0,0
"('cell', 340)",0,0,2,0,2,0,0,0
"('cell', 317)",0,0,2,0,3,0,0,0
"('cell', 502)",3,0,5,5,0,4,7,0
"('cell', 479)",1,0,3,3,0,2,7,0
"('cell', 489)",0,0,10,1,0,0,1,2
"('cell', 464)",0,0,10,0,2,0,1,1
"('cell', 504)",0,0,11,1,0,1,1,1
"('cell', 565)",0,0,7,5,0,11,2,1
"('cell', 531)",0,0,9,4,0,2,2,1
"('cell', 413)",0,0,3,0,1,0,2,0
"('cell', 488)",0,0,4,3,0,2,3,0
"('cell', 449)",0,0,3,1,1,0,3,0
"('cell', 858)",0,0,7,1,1,4,0,0
"('cell', 854)",0,0,7,3,1,6,0,0
"('cell', 598)",0,0,6,8,0,11,3,2
"('cell', 1488)",0,0,1,0,0,0,0,1
"('cell', 1483)",0,0,0,0,1,0,0,1
"('cell', 1480)",0,0,1,1,0,0,0,1
"('cell', 1451)",0,0,1,3,0,0,1,1
"('cell', 1388)",0,0,0,5,1,0,0,0
"('cell', 1422)",0,0,1,4,1,0,3,0
"('cell', 1423)",0,0,1,3,1,0,0,0
"('cell', 1405)",0,0,1,5,1,0,3,0
"('cell', 1442)",0,0,1,3,1,0,0,1
"('cell', 1426)",0,0,1,4,0,0,3,1
"('cell', 1360)",0,0,0,5,2,0,1,0
"('cell', 1366)",0,0,1,6,1,1,4,0
"('cell', 1379)",0,0,1,5,2,0,3,0
"('cell', 1232)",0,0,3,4,2,0,0,1
"('cell', 1234)",0,0,5,3,1,0,0,1
"('cell', 1458)",0,0,1,0,2,0,0,0
"('cell', 1415)",0,0,2,0,2,0,0,0
"('cell', 1429)",0,0,1,0,1,0,0,0
"('cell', 1320)",0,0,3,2,1,1,2,0
"('cell', 1218)",0,0,8,5,0,0,2,1
"('cell', 1151)",0,1,6,4,0,1,2,1
"('cell', 1011)",0,0,0,2,1,0,0,0
"('cell', 1105)",0,1,2,1,1,0,0,0
"('cell', 1079)",0,0,1,0,2,0,0,0
"('cell', 1637)",0,0,1,0,0,0,0,0
"('cell', 1650)",0,0,1,0,0,0,0,0
"('cell', 1256)",1,0,3,4,0,6,4,0
"('cell', 1266)",1,0,3,2,0,4,3,0
"('cell', 1252)",1,0,4,3,0,5,3,0
"('cell', 1238)",2,1,5,5,0,10,5,0
"('cell', 1491)",0,0,2,0,2,0,0,0
"('cell', 1504)",0,0,1,0,2,0,0,0
"('cell', 1510)",0,0,1,0,2,0,0,0
"('cell', 1452)",0,0,2,0,2,0,0,0
"('cell', 1474)",0,0,3,0,2,0,0,0
"('cell', 1355)",0,0,5,0,2,0,0,0
"('cell', 892)",0,2,6,2,0,1,0,0
"('cell', 863)",0,2,8,1,0,1,1,0
"('cell', 1077)",0,0,2,0,0,0,1,1
"('cell', 1091)",0,0,3,0,0,0,0,0
"('cell', 1050)",0,0,2,2,0,0,1,1
"('cell', 1106)",0,0,3,0,0,0,2,1
"('cell', 1067)",2,0,2,1,1,2,4,1
"('cell', 1045)",0,0,2,2,0,2,2,2
"('cell', 1078)",0,2,1,0,2,0,0,1
"('cell', 1051)",0,1,1,0,3,0,0,1
"('cell', 1092)",0,2,2,0,2,0,0,1
"('cell', 1055)",0,2,3,0,3,0,0,1
"('cell', 843)",1,1,5,2,2,8,2,0
"('cell', 876)",1,1,4,3,2,8,2,0
"('cell', 939)",0,2,7,2,3,5,0,1
"('cell', 652)",2,0,4,7,0,11,6,0
"('cell', 605)",1,0,2,4,0,4,5,0
"('cell', 453)",0,0,3,3,1,2,3,0
"('cell', 520)",1,0,2,7,0,3,4,0
"('cell', 452)",0,0,3,1,1,0,3,0
"('cell', 1456)",0,0,0,1,1,0,1,2
"('cell', 1435)",0,0,3,2,2,0,0,1
"('cell', 1430)",0,0,1,2,1,1,0,0
"('cell', 1454)",0,0,0,1,0,0,0,1
"('cell', 1487)",0,0,0,1,0,1,2,2
"('cell', 1486)",0,0,0,0,0,1,2,2
"('cell', 1496)",0,0,1,1,1,1,2,2
"('cell', 1476)",0,0,0,1,0,0,2,2
"('cell', 1502)",0,0,1,1,0,1,2,2
"('cell', 1472)",0,0,1,2,1,0,2,1
"('cell', 1489)",0,0,1,1,1,1,2,2
"('cell', 1465)",0,0,3,2,2,0,2,1
"('cell', 1618)",0,0,3,0,0,0,0,0
"('cell', 1630)",0,0,3,0,0,0,0,0
"('cell', 1623)",0,0,2,1,0,0,2,1
"('cell', 1608)",0,0,4,0,0,0,0,0
"('cell', 1539)",0,0,3,0,2,0,0,0
"('cell', 1558)",0,0,4,0,0,0,0,0
"('cell', 1367)",0,0,3,0,1,0,1,0
"('cell', 1352)",0,0,4,0,1,0,2,0
"('cell', 1374)",0,0,3,0,1,0,2,0
"('cell', 1376)",0,0,4,0,2,0,1,0
"('cell', 197)",0,0,1,1,0,0,0,0
"('cell', 227)",0,0,0,3,0,1,0,0
"('cell', 214)",0,0,1,1,0,0,0,0
"('cell', 196)",0,0,1,1,0,0,0,0
"('cell', 176)",0,0,1,1,0,0,0,0
"('cell', 164)",0,0,0,3,0,0,0,0
"('cell', 177)",0,0,0,1,0,0,0,0
"('cell', 139)",0,0,0,2,0,0,0,0
"('cell', 168)",0,0,0,3,0,0,0,0
"('cell', 194)",0,0,0,4,0,2,3,0
"('cell', 202)",0,0,0,3,0,1,0,0
"('cell', 159)",0,0,0,1,0,0,0,0
"('cell', 161)",0,0,0,1,0,0,0,0
"('cell', 133)",0,0,0,1,0,0,0,0
"('cell', 147)",0,0,1,0,0,0,0,0
"('cell', 294)",0,0,2,0,5,0,0,0
"('cell', 240)",0,0,0,0,2,0,0,0
"('cell', 375)",0,0,5,0,1,0,0,0
"('cell', 371)",0,0,4,0,3,0,0,0
"('cell', 786)",0,0,8,2,2,1,2,0
"('cell', 840)",0,1,9,2,0,2,0,0
"('cell', 706)",1,0,10,3,2,4,6,0
"('cell', 21)",0,1,1,0,0,0,0,3
"('cell', 54)",0,1,1,0,2,0,0,3
"('cell', 37)",0,0,0,0,0,0,0,2
"('cell', 22)",0,0,0,0,0,0,0,2
"('cell', 78)",0,1,1,0,5,0,0,4
"('cell', 99)",0,1,1,0,10,0,0,3
"('cell', 111)",0,1,1,0,5,0,0,3
"('cell', 60)",0,1,1,0,2,0,0,3
"('cell', 29)",0,1,1,0,2,0,0,4
"('cell', 39)",0,1,1,0,5,0,0,5
"('cell', 16)",0,1,1,0,0,0,0,5
"('cell', 326)",0,0,5,0,0,0,0,0
"('cell', 280)",0,0,2,0,0,0,0,0
"('cell', 246)",0,0,2,0,0,0,0,0
"('cell', 235)",0,0,2,0,0,0,0,0
"('cell', 265)",0,0,1,2,0,1,3,0
"('cell', 241)",0,0,1,1,0,0,0,0
"('cell', 341)",2,0,1,0,0,1,5,0
"('cell', 309)",2,0,1,1,0,1,4,0
"('cell', 423)",0,0,3,4,0,1,3,0
"('cell', 376)",0,0,6,2,0,1,4,0
"('cell', 56)",0,0,0,0,1,0,0,0
"('cell', 32)",0,0,0,0,1,0,0,0
"('cell', 100)",0,0,0,0,2,0,0,0
"('cell', 79)",0,0,0,0,2,0,0,0
"('cell', 106)",0,0,0,0,2,0,0,0
"('cell', 69)",0,0,0,0,2,0,0,0
"('cell', 86)",0,0,0,0,2,0,0,0
"('cell', 136)",0,0,0,0,2,0,0,0
"('cell', 146)",0,0,0,0,2,0,0,0
"('cell', 157)",0,0,0,0,2,0,0,0
"('cell', 160)",0,0,0,0,2,0,0,0
"('cell', 50)",0,1,1,0,9,0,0,3
"('cell', 74)",0,1,1,0,9,0,0,3
"('cell', 58)",0,1,1,0,9,0,0,3
"('cell', 51)",0,1,0,0,8,0,0,2
"('cell', 30)",0,1,1,0,7,0,0,3
"('cell', 530)",0,0,12,0,0,0,1,0
"('cell', 561)",1,0,8,1,0,0,2,0
"('cell', 557)",0,0,13,0,0,0,0,0
"('cell', 623)",2,0,7,4,0,4,5,0
"('cell', 669)",2,0,6,5,0,9,5,0
"('cell', 665)",2,0,8,3,0,7,4,0
"('cell', 600)",1,0,10,1,0,0,1,0
"('cell', 571)",0,0,11,0,0,0,0,0
"('cell', 460)",0,0,8,1,2,0,0,0
"('cell', 570)",0,0,7,0,0,0,0,0
"('cell', 543)",0,0,10,0,0,0,0,0
"('cell', 575)",0,0,10,0,0,0,0,0
"('cell', 567)",0,0,5,0,0,0,0,0
"('cell', 618)",0,0,4,0,0,0,2,0
"('cell', 535)",0,0,0,1,1,0,0,0
"('cell', 563)",0,0,0,0,1,0,0,0
"('cell', 577)",0,0,1,0,1,0,0,0
"('cell', 603)",0,0,0,0,1,0,0,0
"('cell', 463)",0,0,9,0,0,0,0,0
"('cell', 491)",0,0,11,0,0,0,0,0
"('cell', 186)",0,0,3,0,13,0,0,0
"('cell', 142)",0,0,0,0,7,0,0,0
"('cell', 129)",0,0,0,0,11,0,0,0
"('cell', 162)",0,0,0,0,11,0,0,0
"('cell', 143)",0,0,0,0,13,0,0,0
"('cell', 163)",0,1,2,0,14,0,0,0
"('cell', 964)",0,0,0,2,3,0,1,0
"('cell', 987)",0,0,0,2,2,0,0,0
"('cell', 971)",0,0,1,0,3,0,1,0
"('cell', 944)",0,0,2,1,3,0,1,0
"('cell', 1019)",0,0,0,1,2,0,0,0
"('cell', 1057)",0,0,0,0,2,0,0,0
"('cell', 1063)",0,0,0,0,2,0,0,0
"('cell', 998)",0,0,0,2,3,0,1,0
"('cell', 982)",0,0,0,1,3,0,1,0
"('cell', 1028)",0,0,1,0,2,0,0,0
"('cell', 790)",0,0,10,0,1,5,2,0
"('cell', 410)",0,0,6,0,2,0,0,0
"('cell', 401)",0,0,7,0,2,0,0,0
"('cell', 359)",0,0,3,0,2,0,0,0
"('cell', 351)",0,0,5,0,2,0,0,0
"('cell', 379)",0,0,9,0,3,0,0,0
"('cell', 545)",6,0,2,6,1,5,6,3
"('cell', 544)",0,0,9,5,0,6,2,2
"('cell', 538)",0,0,9,3,0,2,1,2
"('cell', 576)",0,0,7,7,0,3,2,2
"('cell', 361)",0,0,3,0,2,0,1,0
"('cell', 404)",0,0,4,1,1,0,2,0
"('cell', 388)",0,0,3,0,1,0,1,0
"('cell', 368)",0,0,4,0,2,0,2,0
"('cell', 349)",0,0,3,0,2,0,0,0
"('cell', 367)",0,0,2,0,1,0,0,0
"('cell', 334)",0,0,4,0,5,0,1,1
"('cell', 764)",0,0,6,5,0,8,1,1
"('cell', 825)",0,0,5,3,1,8,0,0
"('cell', 1507)",0,0,0,0,1,0,0,2
"('cell', 1511)",0,0,1,0,0,0,0,1
"('cell', 1524)",0,0,1,0,0,0,0,2
"('cell', 1462)",0,0,0,0,1,0,0,2
"('cell', 1519)",0,0,0,0,1,0,0,2
"('cell', 1417)",0,0,0,2,1,0,0,1
"('cell', 1445)",0,0,0,0,1,0,0,1
"('cell', 1412)",0,0,0,0,1,0,0,1
"('cell', 1450)",0,0,0,0,1,0,0,1
"('cell', 1407)",0,0,0,2,1,0,0,1
"('cell', 1402)",0,0,0,3,1,0,0,1
"('cell', 1484)",0,0,1,1,0,0,0,1
"('cell', 1529)",0,0,1,0,0,0,0,1
"('cell', 1540)",0,0,1,0,0,0,0,1
"('cell', 1561)",0,0,1,0,0,0,0,1
"('cell', 1348)",0,0,0,6,1,3,4,0
"('cell', 1263)",0,0,3,3,1,0,0,1
"('cell', 1307)",0,0,3,3,1,0,0,2
"('cell', 1534)",0,0,1,0,0,0,0,0
"('cell', 1518)",0,0,1,0,1,0,0,0
"('cell', 1535)",0,0,1,0,0,0,0,0
"('cell', 1517)",0,0,1,0,1,0,0,0
"('cell', 1508)",0,0,1,0,0,0,0,0
"('cell', 1531)",0,0,1,0,0,0,0,0
"('cell', 1501)",0,0,1,0,2,0,0,0
"('cell', 1495)",0,0,1,0,3,0,0,0
"('cell', 1482)",0,0,1,0,2,0,0,0
"('cell', 1567)",0,0,1,0,1,0,0,0
"('cell', 1372)",0,0,4,0,1,0,0,0
"('cell', 1389)",0,0,3,0,1,0,0,0
"('cell', 1382)",0,0,3,0,1,0,0,0
"('cell', 1350)",0,0,4,1,1,1,1,0
"('cell', 1409)",0,0,1,0,1,0,0,0
"('cell', 1398)",0,0,1,0,2,0,0,1
"('cell', 1396)",0,0,0,0,2,0,0,1
"('cell', 1387)",0,0,1,0,2,0,0,1
"('cell', 1373)",0,0,2,1,2,0,0,2
"('cell', 1418)",0,0,1,4,0,1,4,2
"('cell', 1390)",0,0,1,6,0,2,4,2
"('cell', 942)",0,1,5,3,0,1,0,0
"('cell', 915)",0,1,5,3,0,1,0,0
"('cell', 887)",0,2,6,2,0,1,0,0
"('cell', 925)",0,2,5,3,1,1,0,0
"('cell', 894)",0,2,7,2,0,1,0,0
"('cell', 1040)",0,1,3,2,0,1,0,0
"('cell', 1082)",0,0,0,0,1,0,0,0
"('cell', 1616)",0,0,1,0,0,0,0,0
"('cell', 1233)",1,0,2,5,0,7,5,0
"('cell', 1425)",0,0,4,0,2,0,0,0
"('cell', 1363)",0,0,4,0,2,0,2,0
"('cell', 1393)",0,0,5,0,1,0,1,0
"('cell', 765)",2,0,0,5,1,1,6,0
"('cell', 829)",1,0,5,9,0,12,3,0
"('cell', 562)",1,0,0,6,0,6,6,0
"('cell', 586)",1,0,1,7,0,6,6,0
"('cell', 556)",1,0,1,8,0,6,6,0
"('cell', 528)",0,0,3,1,0,0,3,0
"('cell', 513)",0,0,7,0,0,0,1,0
"('cell', 537)",0,0,7,1,0,0,1,0
"('cell', 560)",1,0,2,3,0,1,5,0
"('cell', 573)",1,0,5,3,0,1,4,0
"('cell', 558)",0,0,7,6,0,12,3,0
"('cell', 1627)",0,0,7,0,0,0,0,0
"('cell', 1588)",0,0,5,0,0,0,0,0
"('cell', 1624)",0,0,8,0,0,0,0,0
"('cell', 1641)",0,0,9,0,0,0,0,0
"('cell', 1640)",0,0,8,0,0,0,0,0
"('cell', 1570)",0,0,6,0,0,0,1,0
"('cell', 1586)",0,0,6,0,0,0,0,0
"('cell', 328)",0,0,3,0,3,0,0,0
"('cell', 299)",0,0,0,0,2,0,0,0
"('cell', 316)",0,0,0,0,2,0,0,0
"('cell', 347)",0,0,2,0,2,0,0,0
"('cell', 342)",0,0,1,0,1,0,0,0
"('cell', 319)",0,0,2,0,2,0,0,0
"('cell', 300)",0,0,0,0,2,0,0,0
"('cell', 321)",0,0,0,0,2,0,0,0
"('cell', 282)",0,0,0,0,1,0,0,0
"('cell', 919)",0,1,3,3,0,1,0,0
"('cell', 907)",0,1,9,3,0,1,0,0
"('cell', 901)",0,1,6,1,0,1,0,0
"('cell', 833)",0,0,5,1,0,0,0,0
"('cell', 827)",0,0,9,0,0,0,1,0
"('cell', 757)",1,0,7,0,1,3,2,0
"('cell', 782)",0,0,6,0,0,0,1,0
"('cell', 773)",0,0,10,0,0,5,2,0
"('cell', 751)",1,0,6,1,2,3,4,0
"('cell', 705)",1,0,10,2,2,5,5,0
"('cell', 794)",0,0,6,0,1,0,2,0
"('cell', 714)",1,0,9,0,1,5,3,0
"('cell', 304)",0,0,1,0,0,0,3,0
"('cell', 272)",0,0,1,1,0,0,3,0
"('cell', 247)",0,0,1,1,0,0,0,0
"('cell', 230)",0,0,2,0,0,0,0,0
"('cell', 355)",1,0,2,1,0,0,5,0
"('cell', 362)",2,0,1,3,0,1,5,0
"('cell', 330)",1,0,2,0,0,0,5,0
"('cell', 287)",0,0,3,0,0,0,0,0
"('cell', 277)",0,0,3,0,0,0,0,0
"('cell', 254)",0,0,2,0,0,0,0,0
"('cell', 276)",0,0,2,0,0,0,0,0
"('cell', 306)",0,0,5,0,0,0,0,0
"('cell', 308)",0,0,3,0,0,0,2,0
"('cell', 336)",0,0,4,1,0,1,2,0
"('cell', 390)",1,0,2,4,0,1,5,0
"('cell', 380)",1,0,2,2,0,1,6,0
"('cell', 352)",0,0,2,1,0,1,4,0
"('cell', 393)",0,0,4,4,0,1,4,0
"('cell', 414)",2,0,6,5,0,1,7,0
"('cell', 424)",0,0,1,1,4,0,0,0
"('cell', 420)",0,0,0,1,3,0,0,0
"('cell', 358)",0,0,0,1,3,0,0,0
"('cell', 373)",0,0,0,1,2,0,0,0
"('cell', 536)",0,0,6,0,0,0,0,0
"('cell', 469)",0,0,4,1,2,0,0,0
"('cell', 409)",0,0,5,0,2,0,3,1
"('cell', 383)",0,0,6,0,2,0,1,1
"('cell', 329)",0,0,1,1,3,0,0,0
"('cell', 242)",0,0,0,1,5,0,0,1
"('cell', 252)",0,0,2,0,10,0,0,1
"('cell', 261)",0,0,4,0,7,0,0,1
"('cell', 174)",0,0,0,0,12,0,0,0
"('cell', 1029)",0,0,0,2,1,0,0,0
"('cell', 1032)",0,0,0,1,2,0,0,0
"('cell', 1038)",0,0,0,0,2,0,0,0
"('cell', 885)",1,0,7,0,0,2,1,0
"('cell', 845)",0,0,8,0,0,0,1,0
"('cell', 842)",0,0,10,0,0,0,1,0
"('cell', 869)",1,0,8,0,0,1,1,0
"('cell', 993)",1,1,5,2,0,4,3,0
"('cell', 930)",1,0,5,0,0,2,3,0
"('cell', 918)",0,0,5,1,0,1,2,0
"('cell', 929)",0,1,4,1,0,2,2,0
"('cell', 959)",0,1,3,3,0,2,2,0
"('cell', 1264)",0,0,0,4,2,2,2,0
"('cell', 1257)",0,0,0,3,2,0,1,0
"('cell', 1274)",0,0,2,3,2,0,1,0
"('cell', 1329)",0,0,5,3,1,1,1,1
"('cell', 1271)",0,0,6,4,1,3,4,1
"('cell', 1444)",0,0,1,0,1,0,0,1
"('cell', 1421)",0,0,1,0,1,0,0,1
"('cell', 1468)",0,0,1,0,1,0,0,1
"('cell', 1433)",0,0,1,0,2,0,0,1
"('cell', 1439)",0,0,1,0,2,0,0,1
"('cell', 1506)",0,0,1,0,1,0,0,1
"('cell', 1513)",0,0,1,0,1,0,0,1
"('cell', 1342)",0,0,4,0,2,0,0,1
"('cell', 1361)",0,0,4,0,2,0,0,2
"('cell', 1362)",0,0,4,0,1,0,0,0
"('cell', 1340)",0,0,4,0,1,0,0,1
"('cell', 1095)",0,1,8,3,0,2,3,1
"('cell', 1164)",0,1,8,4,0,2,3,1
"('cell', 1116)",0,1,6,3,0,1,2,1
"('cell', 1614)",0,0,0,0,0,0,0,1
"('cell', 1170)",0,0,0,3,0,3,1,1
"('cell', 1182)",0,0,0,0,1,0,0,0
"('cell', 1158)",0,0,1,0,1,0,0,0
"('cell', 1210)",0,0,0,2,1,1,1,0
"('cell', 1185)",0,0,1,2,1,0,0,0
"('cell', 1015)",2,1,9,2,1,6,3,0
"('cell', 1076)",2,1,7,3,1,9,4,0
"('cell', 1060)",2,1,7,4,0,7,4,0
"('cell', 974)",1,0,5,0,0,3,6,0
"('cell', 1023)",1,0,4,2,0,4,4,0
"('cell', 1213)",1,0,6,5,0,9,7,0
"('cell', 1226)",1,0,7,4,0,5,6,1
"('cell', 1434)",0,0,1,0,2,0,0,0
"('cell', 1478)",0,0,1,0,2,0,0,0
"('cell', 1394)",0,0,5,0,2,0,0,0
"('cell', 1420)",0,0,4,0,2,0,0,0
"('cell', 1408)",0,0,4,0,2,0,0,0
"('cell', 1397)",0,0,4,0,2,0,0,0
"('cell', 1346)",0,0,5,0,3,0,0,0
"('cell', 1428)",0,0,2,0,3,0,0,0
"('cell', 1432)",0,0,4,0,2,0,0,0
"('cell', 1441)",0,0,3,0,2,0,0,0
"('cell', 1427)",0,0,4,0,2,0,0,0
"('cell', 1401)",0,0,4,0,2,0,0,0
"('cell', 791)",1,0,5,9,0,14,3,0
"('cell', 785)",0,0,5,6,0,9,0,0
"('cell', 593)",0,0,5,13,0,12,2,1
"('cell', 1613)",0,0,4,0,0,0,0,0
"('cell', 1599)",0,0,4,0,0,0,0,0
"('cell', 1622)",0,0,2,0,0,0,0,0
"('cell', 1632)",0,0,2,0,0,0,0,0
"('cell', 1607)",0,0,6,0,0,0,0,0
"('cell', 1628)",0,0,5,0,0,0,0,0
"('cell', 1564)",0,0,2,0,1,0,0,0
"('cell', 1559)",0,0,2,0,1,0,0,0
"('cell', 1578)",0,0,3,0,0,0,0,0
"('cell', 1554)",0,0,1,0,1,0,0,0
"('cell', 1542)",0,0,3,0,2,0,0,0
"('cell', 1572)",0,0,2,0,0,0,0,0
"('cell', 1602)",0,0,3,0,0,0,0,0
"('cell', 1610)",0,0,1,0,0,0,0,0
"('cell', 493)",0,0,0,1,1,0,0,0
"('cell', 526)",0,0,3,0,0,0,0,0
"('cell', 499)",0,0,3,0,0,0,0,0
"('cell', 486)",0,0,1,0,0,0,0,0
"('cell', 459)",0,0,1,1,3,0,0,0
"('cell', 485)",0,0,0,1,1,0,0,0
"('cell', 547)",0,0,0,1,1,0,0,0
"('cell', 432)",0,0,3,0,1,0,1,0
"('cell', 466)",0,0,3,1,0,0,3,0
"('cell', 439)",0,0,7,0,0,0,1,0
"('cell', 412)",0,0,5,0,1,0,1,0
"('cell', 444)",0,0,2,0,0,0,1,0
"('cell', 471)",0,0,3,0,0,0,1,0
"('cell', 389)",0,0,4,1,3,0,0,0
"('cell', 422)",0,0,8,0,1,0,0,0
"('cell', 440)",0,0,7,1,2,0,0,0
"('cell', 374)",0,0,4,1,3,0,0,0
"('cell', 396)",0,0,4,1,3,0,0,0
"('cell', 366)",0,0,4,1,3,0,0,0
"('cell', 253)",0,0,2,0,8,0,0,1
"('cell', 400)",0,0,8,0,0,0,0,0
"('cell', 386)",0,0,7,0,2,0,0,1
"('cell', 398)",0,0,7,0,0,0,0,0
"('cell', 429)",0,0,8,0,0,0,0,0
"('cell', 436)",0,0,9,0,0,0,0,0
"('cell', 223)",0,0,1,0,13,0,0,1
"('cell', 221)",0,0,2,0,12,0,0,1
"('cell', 198)",0,0,2,0,13,0,0,0
"('cell', 200)",0,0,0,0,12,0,0,0
"('cell', 216)",0,0,0,0,8,0,0,0
"('cell', 238)",0,0,1,0,9,0,0,1
"('cell', 237)",0,0,0,0,8,0,0,1
"('cell', 1322)",0,0,0,5,2,2,2,0
"('cell', 1288)",0,0,0,5,2,2,2,0
"('cell', 1353)",0,0,0,6,2,2,2,0
"('cell', 1347)",0,0,0,3,2,0,1,0
"('cell', 1335)",0,0,0,3,2,0,1,1
"('cell', 1315)",0,0,1,3,2,0,1,1
"('cell', 1247)",0,0,7,4,0,3,5,1
"('cell', 945)",0,1,4,3,0,1,1,0
"('cell', 1033)",0,1,7,3,0,4,3,1
"('cell', 990)",0,1,4,3,0,4,3,0
"('cell', 989)",0,1,4,3,0,2,2,0
"('cell', 1099)",0,1,8,4,0,4,3,1
"('cell', 1026)",0,0,0,2,0,0,0,0
"('cell', 1030)",0,0,0,2,0,0,0,0
"('cell', 983)",0,0,0,2,1,0,0,0
"('cell', 1058)",0,0,0,1,1,0,0,0
"('cell', 1069)",0,0,0,2,0,2,0,1
"('cell', 1044)",0,0,0,2,1,0,0,0
"('cell', 1064)",0,0,0,2,1,0,0,0
"('cell', 1049)",0,0,0,2,0,0,0,0
"('cell', 1096)",0,0,0,1,0,0,0,0
"('cell', 1190)",0,0,0,4,0,3,3,1
"('cell', 1129)",0,0,0,1,0,2,1,1
"('cell', 1248)",0,0,0,6,1,4,4,1
"('cell', 1215)",0,0,0,5,1,4,4,1
"('cell', 1165)",0,0,0,4,1,3,2,1
"('cell', 1127)",0,0,0,0,0,1,0,0
"('cell', 1125)",0,0,0,1,0,0,0,0
"('cell', 1166)",0,0,0,1,0,1,0,1
"('cell', 999)",1,0,5,1,0,5,3,0
"('cell', 932)",1,0,6,0,0,3,3,0
"('cell', 1017)",2,1,5,2,0,4,2,0
"('cell', 979)",1,0,5,1,0,1,1,0
"('cell', 941)",1,0,6,0,0,1,1,0
"('cell', 1039)",1,1,7,4,0,4,4,0
"('cell', 1042)",2,1,4,5,0,6,3,0
"('cell', 1083)",2,1,3,5,0,9,3,0
"('cell', 1585)",0,0,5,0,0,0,0,0
"('cell', 1592)",0,0,5,0,0,0,0,0
"('cell', 1574)",0,0,6,0,0,0,1,0
"('cell', 360)",0,0,7,0,4,0,0,1
"('cell', 1286)",0,0,8,3,2,0,1,2
"('cell', 1283)",0,0,6,2,1,0,0,1
"('cell', 1305)",0,0,6,2,1,0,0,2
"('cell', 1341)",0,0,6,2,2,0,0,2
"('cell', 1334)",0,0,7,1,2,0,0,2
"('cell', 1279)",0,0,8,4,2,0,0,1
"('cell', 1100)",0,0,0,0,0,1,0,0
"('cell', 1037)",1,0,3,4,0,4,5,0
"('cell', 800)",0,0,6,7,0,11,0,0
"('cell', 1597)",0,0,7,0,0,0,0,0
"('cell', 1595)",0,0,7,0,0,0,0,0
"('cell', 1604)",0,0,7,0,0,0,0,0
"('cell', 1606)",0,0,8,0,0,0,0,0
"('cell', 1593)",0,0,7,0,0,0,1,0
"('cell', 275)",0,0,2,0,5,0,0,1
"('cell', 269)",0,0,2,0,7,0,0,1
"('cell', 283)",0,0,4,0,6,0,0,1
"('cell', 1136)",0,0,0,0,1,0,0,0
"('cell', 1135)",0,0,1,0,2,0,0,0
"('cell', 1108)",0,0,0,0,1,0,0,0
"('cell', 1160)",0,0,0,3,1,3,1,1
"('cell', 1148)",0,0,0,0,1,1,0,0
"('cell', 1175)",0,0,0,2,1,1,1,0
"('cell', 1227)",0,0,0,4,1,4,2,1
"('cell', 1176)",0,0,0,5,1,4,4,1
"('cell', 1149)",0,0,0,3,1,3,1,1
"('cell', 399)",0,0,6,0,2,0,0,1
"('cell', 382)",0,0,5,0,3,0,0,1
"('cell', 350)",0,0,4,1,3,0,0,1
"('cell', 345)",0,0,4,0,5,0,0,1
"('cell', 335)",0,0,5,0,6,0,0,1
"('cell', 312)",0,0,2,0,5,0,0,1
"('cell', 363)",0,0,6,0,3,0,0,1
"('cell', 338)",0,0,3,1,3,0,0,1
